"variable","prevalencia"
"Behavioural and emotional disorders with onset usually occurring in childhood and adolescence",0.00274369001303503
"Bladder cancer",0.00433389673990952
"Bone and soft tissue sarcomas",0.00127683265491181
"Breast cancer",0.00325153381050648
"Cervical cancer",0.000561184065039566
"Collagen diseases and vasculitis",0.00583631427641149
"Colorectal cancer",0.00713870580953302
"Congenital cardiovascular anomalies",0.00166132708363198
"Dermatitis",0.00184690676454606
"Diabetes",1
"Disorders of adult personality and behaviour",0.00339044075729845
"Eating disorder",0.000732317423487276
"Epilepsy",0.00677088021442788
"Extrapyramidal disorder",0.00601744893502822
"Fibromyalgia",0.00456837166609437
"HIV",0.00105347028447031
"Head and neck cancer",0.00226696137164498
"Hepatic cirrhosis",0.00331043035594627
"Ill-defined cerebrovascular disease and others",0.00586520692134422
"Immunoproliferative neoplasm",0.000744541234804969
"Intellectual disability",0.000993462483456183
"Intra-abdominal artery disease",0.00169355349528772
"Kidney and renal pelvis cancer",0.00263812073347313
"Leukemia",0.004855075604273
"Liver and Bile Duct Cancer",0.000725649890041261
"Lung and Bronchus Cancer",0.00816217219349627
"Malabsorption and food intolerance",0.00367381092875407
"Melanoma",0.0011523720305862
"Non-Hodgkin's lymphoma",0.00326375762182417
"Occlusion or stenosis of precerebral arteries",0.0072687227117303
"Other developmental disorder",0.00116681835305256
"Other functional disorder",0.00233474796167946
"Other substance dependece",0.00227029513836799
"Ovarian cancer",0.000914563337678343
"Pancreatic cancer",0.000976793649841146
"Parkinson disease",0.00450947512065457
"Peripheral and visceral artery aneurysms",0.00344600353601524
"Prostate cancer",0.00409608804700167
"Regional enteritis and ulcerative colitis",0.0016991097731594
"Rheumatoid arthritis and related diseases",0.00463282448940584
"Schizophrenia",0.0059018783552973
"Sequelae of cerebrovascular diseases",0.0064486160978705
"Stomach cancer",0.000701202267405874
"Thyroid cancer",0.00184912927569473
"Uterine cancer",0.00140018202366308
